PO	A	C	G	T
0	0.78	-0.32	-0.47	-0.32
1	0.71	-1.18	0.26	-0.47
2	0.26	-0.12	0.36	-0.84
3	0.26	0.00	-0.32	0.00
4	0.36	-0.25	0.00	-0.25
5	0.26	-0.47	0.21	-0.12
6	1.36	-1.47	-0.47	-1.47
7	-0.64	0.11	-1.06	0.85
8	0.53	-0.84	0.44	-0.64
9	-2.64	-1.47	1.78	-3.64
10	-4.64	1.93	-2.32	-4.64
11	1.66	-2.64	-1.84	-1.18
12	-0.84	1.29	-2.32	-0.32
13	0.36	-1.18	0.00	0.36
14	1.06	-1.47	-1.47	0.26
15	1.00	-3.64	-2.64	0.85
16	0.21	-0.32	-1.06	0.64
17	-0.47	-0.64	-1.06	1.11
18	-1.06	-3.64	1.58	-1.18
19	-1.47	0.64	-0.84	0.60
20	-0.47	-0.32	-1.84	1.14
21	1.51	-1.47	-1.47	-1.18
22	1.58	-1.47	-2.64	-1.06
23	1.19	-0.32	-1.06	-1.18
24	0.60	0.00	-1.84	0.26
25	0.11	-0.84	-0.12	0.53
26	-0.25	0.21	-0.84	0.53
#max value: 25.6